2025-07-09 01:25:20,Drowsiness Detected
2025-07-09 01:25:23,Drowsiness Detected
2025-07-09 01:25:29,Drowsiness Detected
2025-07-09 01:25:33,Drowsiness Detected
2025-07-09 01:25:44,Drowsiness Detected
2025-07-09 01:25:50,Drowsiness Detected
2025-07-09 01:25:59,Drowsiness Detected
2025-07-09 01:26:03,Drowsiness Detected
2025-07-09 17:05:29,Drowsiness Detected
2025-07-09 17:05:30,Drowsiness Detected
2025-07-09 17:05:36,Drowsiness Detected
2025-07-09 17:05:42,Drowsiness Detected
2025-07-09 17:05:47,Drowsiness Detected
2025-07-09 17:05:56,Drowsiness Detected
2025-07-20 23:29:28,Drowsiness Detected
2025-07-20 23:29:29,Drowsiness Detected
2025-07-20 23:29:45,Drowsiness Detected
2025-07-20 23:29:55,Drowsiness Detected
2025-07-20 23:30:01,Drowsiness Detected
2025-07-20 23:30:05,Drowsiness Detected
2025-07-20 23:30:12,Drowsiness Detected
2025-07-20 23:30:16,Drowsiness Detected
2025-07-20 23:30:20,Drowsiness Detected
2025-07-20 23:30:30,Drowsiness Detected
2025-07-20 23:30:38,Drowsiness Detected
2025-07-20 23:30:40,Drowsiness Detected
2025-07-20 23:31:14,Drowsiness Detected
2025-07-20 23:31:17,Drowsiness Detected
2025-07-20 23:31:36,Drowsiness Detected
2025-07-20 23:32:12,Drowsiness Detected
2025-07-20 23:32:21,Drowsiness Detected
2025-07-20 23:32:37,Drowsiness Detected
2025-07-20 23:32:41,Drowsiness Detected
2025-07-20 23:33:37,Drowsiness Detected
2025-07-20 23:33:42,Drowsiness Detected
2025-07-20 23:33:51,Drowsiness Detected
2025-07-20 23:34:13,Drowsiness Detected
2025-07-20 23:34:18,Drowsiness Detected
2025-07-20 23:34:20,Drowsiness Detected
2025-07-20 23:34:25,Drowsiness Detected
2025-07-20 23:44:17,Drowsiness Detected
2025-07-20 23:44:20,Drowsiness Detected
2025-07-20 23:44:23,Drowsiness Detected
2025-07-20 23:44:27,Drowsiness Detected
2025-07-20 23:44:37,Drowsiness Detected
2025-07-20 23:44:49,Drowsiness Detected
2025-07-20 23:44:57,Drowsiness Detected
2025-07-20 23:44:57,Drowsiness Detected
2025-07-20 23:45:04,Drowsiness Detected
2025-07-20 23:45:06,Drowsiness Detected
2025-07-20 23:45:18,Drowsiness Detected
2025-07-20 23:45:21,Drowsiness Detected
2025-07-20 23:45:22,Drowsiness Detected
2025-07-20 23:45:31,Drowsiness Detected
2025-07-20 23:45:33,Drowsiness Detected
2025-07-20 23:45:36,Drowsiness Detected
2025-07-20 23:45:39,Drowsiness Detected
2025-07-20 23:53:13,Drowsiness Detected!!
2025-07-20 23:53:17,Drowsiness Detected!!
2025-07-20 23:53:26,Drowsiness Detected!!
2025-07-20 23:53:31,Drowsiness Detected!!
